155688,55688,N000134527,2015-11-25 13:38:45.000
1alife1,This a GP-A testing1,ADMIN,2015-11-23 21:17:26.000
1GP-A,This a GP-A testing1,ADMIN,2015-11-23 21:15:08.000
1TEST101,TEST101,N000134527,2015-12-10 18:13:39.000
1TEST105,TEST105,N000134527,2015-12-10 14:29:51.000
1TEST18,TEST10,N000134527,2015-12-11 11:03:20.000
1TEST19,TEST19,N000134527,2015-12-02 08:50:52.000
1TEST2,TEST2,N000134527,2015-12-12 12:58:08.000
1TEST20,TEST20,N000134527,2015-12-02 08:51:44.000
1TEST3,TEST3TEST3,N000134527,2015-12-10 14:29:46.000
1TEST4,TEST4,N000134527,2015-11-20 08:44:56.000
1TEST5,TEST5,N000134527,2015-11-20 08:45:57.000
1TEST6,TEST6,N000134527,2015-11-20 08:47:33.000
1TEST7,TEST7,N000134527,2015-11-20 08:47:45.000
1TEST8,TEST8,N000134527,2015-11-20 08:49:14.000
1TEST9,TEST9,N000134527,2015-11-20 09:15:44.000
